,gene_symbol,length,ctrl_1,ctrl_2,ctrl_3,treat_1,treat_2,treat_3
ENSGDEMO000001,GENE0001,1333,39,68,121,155,258,134
ENSGDEMO000002,GENE0002,4049,256,541,358,918,690,1249
ENSGDEMO000003,GENE0003,2754,177,51,119,722,716,456
ENSGDEMO000004,GENE0004,559,41,39,15,208,60,230
ENSGDEMO000005,GENE0005,643,118,235,87,507,312,502
ENSGDEMO000006,GENE0006,4456,71,41,23,79,141,166
ENSGDEMO000007,GENE0007,769,60,243,201,396,383,449
ENSGDEMO000008,GENE0008,729,125,177,64,193,231,245
ENSGDEMO000009,GENE0009,6509,39,120,36,142,87,216
ENSGDEMO000010,GENE0010,1020,380,86,187,1574,853,855
ENSGDEMO000011,GENE0011,4066,84,154,88,148,274,257
ENSGDEMO000012,GENE0012,1756,294,175,332,281,679,385
ENSGDEMO000013,GENE0013,2362,440,420,332,1154,790,583
ENSGDEMO000014,GENE0014,1551,34,113,57,645,243,198
ENSGDEMO000015,GENE0015,4100,24,41,38,76,124,222
ENSGDEMO000016,GENE0016,6770,154,146,119,174,196,412
ENSGDEMO000017,GENE0017,2070,50,170,176,449,493,276
ENSGDEMO000018,GENE0018,5957,195,89,203,447,126,371
ENSGDEMO000019,GENE0019,889,19,81,57,187,64,130
ENSGDEMO000020,GENE0020,662,151,70,143,1827,468,827
ENSGDEMO000021,GENE0021,4532,100,779,410,2221,703,1702
ENSGDEMO000022,GENE0022,7310,96,56,87,179,247,124
ENSGDEMO000023,GENE0023,4815,85,108,62,567,441,361
ENSGDEMO000024,GENE0024,2452,109,60,63,252,182,331
ENSGDEMO000025,GENE0025,3519,66,88,109,309,159,270
ENSGDEMO000026,GENE0026,3109,123,138,52,312,341,369
ENSGDEMO000027,GENE0027,4964,249,164,233,1607,1649,2212
ENSGDEMO000028,GENE0028,6240,22,34,20,35,63,141
ENSGDEMO000029,GENE0029,7580,160,223,237,1466,401,774
ENSGDEMO000030,GENE0030,5657,58,174,47,378,248,272
ENSGDEMO000031,GENE0031,3349,25,23,12,84,55,124
ENSGDEMO000032,GENE0032,7167,109,172,68,679,240,489
ENSGDEMO000033,GENE0033,1625,92,114,162,246,205,541
ENSGDEMO000034,GENE0034,3625,110,126,68,602,389,246
ENSGDEMO000035,GENE0035,7422,64,50,77,388,104,272
ENSGDEMO000036,GENE0036,1895,13,52,96,259,66,412
ENSGDEMO000037,GENE0037,5727,51,28,40,255,62,185
ENSGDEMO000038,GENE0038,2938,178,160,252,205,461,484
ENSGDEMO000039,GENE0039,6050,24,29,18,114,94,129
ENSGDEMO000040,GENE0040,1622,68,100,47,174,109,163
ENSGDEMO000041,GENE0041,910,22,56,21,320,141,163
ENSGDEMO000042,GENE0042,2473,13,25,37,41,38,78
ENSGDEMO000043,GENE0043,6681,392,317,222,1612,282,385
ENSGDEMO000044,GENE0044,2696,355,238,306,857,663,1021
ENSGDEMO000045,GENE0045,4982,12,27,16,63,77,86
ENSGDEMO000046,GENE0046,1560,339,254,368,1826,491,317
ENSGDEMO000047,GENE0047,4639,545,296,649,2019,711,2237
ENSGDEMO000048,GENE0048,3253,6,10,9,19,10,17
ENSGDEMO000049,GENE0049,3672,410,234,299,565,442,965
ENSGDEMO000050,GENE0050,3634,36,60,29,64,25,71
ENSGDEMO000051,GENE0051,4591,287,218,303,1463,653,770
ENSGDEMO000052,GENE0052,5548,223,251,468,2006,498,1357
ENSGDEMO000053,GENE0053,1873,12,10,9,19,9,38
ENSGDEMO000054,GENE0054,5416,78,89,85,138,115,209
ENSGDEMO000055,GENE0055,4674,49,52,28,154,100,208
ENSGDEMO000056,GENE0056,1151,156,343,815,830,1280,1078
ENSGDEMO000057,GENE0057,1320,4,9,4,8,13,8
ENSGDEMO000058,GENE0058,5308,204,114,247,627,126,518
ENSGDEMO000059,GENE0059,1293,51,92,116,149,131,375
ENSGDEMO000060,GENE0060,5842,157,224,264,610,547,657
ENSGDEMO000061,GENE0061,1538,29,35,18,31,8,15
ENSGDEMO000062,GENE0062,1877,272,517,351,169,176,508
ENSGDEMO000063,GENE0063,1205,66,36,36,13,8,15
ENSGDEMO000064,GENE0064,3020,18,88,49,41,14,83
ENSGDEMO000065,GENE0065,7541,26,42,25,16,12,18
ENSGDEMO000066,GENE0066,2558,288,185,482,103,79,137
ENSGDEMO000067,GENE0067,2462,4,12,5,1,1,0
ENSGDEMO000068,GENE0068,2585,98,301,236,60,43,66
ENSGDEMO000069,GENE0069,5458,260,258,170,148,60,118
ENSGDEMO000070,GENE0070,7229,260,179,364,177,63,201
ENSGDEMO000071,GENE0071,7704,26,38,51,35,8,35
ENSGDEMO000072,GENE0072,2555,293,144,209,106,71,55
ENSGDEMO000073,GENE0073,1406,59,167,380,75,65,118
ENSGDEMO000074,GENE0074,2923,68,73,95,37,13,114
ENSGDEMO000075,GENE0075,1808,169,627,201,99,91,168
ENSGDEMO000076,GENE0076,7258,328,313,153,173,86,118
ENSGDEMO000077,GENE0077,1191,103,190,77,51,35,30
ENSGDEMO000078,GENE0078,3589,31,72,48,37,17,11
ENSGDEMO000079,GENE0079,2538,201,251,147,72,161,55
ENSGDEMO000080,GENE0080,1076,11,3,15,6,2,8
ENSGDEMO000081,GENE0081,4356,151,122,131,166,62,126
ENSGDEMO000082,GENE0082,7037,234,149,308,154,89,118
ENSGDEMO000083,GENE0083,6635,76,74,58,58,22,77
ENSGDEMO000084,GENE0084,5605,20,13,21,5,9,11
ENSGDEMO000085,GENE0085,1417,79,128,55,60,47,128
ENSGDEMO000086,GENE0086,7389,415,352,345,221,78,76
ENSGDEMO000087,GENE0087,5542,157,377,107,188,89,112
ENSGDEMO000088,GENE0088,6725,276,328,176,193,153,144
ENSGDEMO000089,GENE0089,3648,96,98,192,33,80,67
ENSGDEMO000090,GENE0090,2631,34,30,28,41,15,7
ENSGDEMO000091,GENE0091,2532,36,100,105,47,26,52
ENSGDEMO000092,GENE0092,1779,57,104,189,128,147,57
ENSGDEMO000093,GENE0093,4293,125,434,109,104,125,103
ENSGDEMO000094,GENE0094,6989,8,10,28,9,12,13
ENSGDEMO000095,GENE0095,1247,95,131,48,87,31,43
ENSGDEMO000096,GENE0096,2270,19,28,11,5,4,10
ENSGDEMO000097,GENE0097,5227,147,268,87,61,46,52
ENSGDEMO000098,GENE0098,4439,7,16,5,7,10,3
ENSGDEMO000099,GENE0099,7862,15,23,12,3,3,5
ENSGDEMO000100,GENE0100,2675,145,188,177,64,29,36
ENSGDEMO000101,GENE0101,7842,146,54,44,55,35,92
ENSGDEMO000102,GENE0102,1344,33,77,177,121,137,92
ENSGDEMO000103,GENE0103,2777,295,159,208,96,89,240
ENSGDEMO000104,GENE0104,3933,32,57,54,68,11,48
ENSGDEMO000105,GENE0105,4230,92,185,127,58,82,70
ENSGDEMO000106,GENE0106,3162,90,65,87,93,48,24
ENSGDEMO000107,GENE0107,7922,50,147,65,97,41,101
ENSGDEMO000108,GENE0108,4377,111,104,78,46,23,114
ENSGDEMO000109,GENE0109,4046,102,140,152,177,91,69
ENSGDEMO000110,GENE0110,7635,58,40,38,20,20,37
ENSGDEMO000111,GENE0111,3267,2,3,3,9,17,8
ENSGDEMO000112,GENE0112,4817,15,12,9,78,34,48
ENSGDEMO000113,GENE0113,7360,24,43,19,364,213,277
ENSGDEMO000114,GENE0114,2528,148,268,204,2232,1278,1783
ENSGDEMO000115,GENE0115,2103,85,90,120,631,416,334
ENSGDEMO000116,GENE0116,4967,33,37,12,268,175,46
ENSGDEMO000117,GENE0117,2420,137,162,146,2058,620,1369
ENSGDEMO000118,GENE0118,4260,227,390,469,2233,1453,2744
ENSGDEMO000119,GENE0119,6434,105,198,89,856,684,1523
ENSGDEMO000120,GENE0120,1474,145,315,114,864,622,2202
ENSGDEMO000121,GENE0121,5969,17,52,25,220,90,227
ENSGDEMO000122,GENE0122,1231,1,0,2,20,6,6
ENSGDEMO000123,GENE0123,2733,62,161,24,373,90,155
ENSGDEMO000124,GENE0124,1347,152,147,184,2526,922,1405
ENSGDEMO000125,GENE0125,6439,104,206,95,663,422,1516
ENSGDEMO000126,GENE0126,5695,225,175,92,181,92,271
ENSGDEMO000127,GENE0127,5805,49,31,70,60,58,82
ENSGDEMO000128,GENE0128,6667,141,108,70,271,178,365
ENSGDEMO000129,GENE0129,4036,25,82,74,53,23,88
ENSGDEMO000130,GENE0130,4806,37,37,21,58,79,19
ENSGDEMO000131,GENE0131,4603,165,247,202,249,119,151
ENSGDEMO000132,GENE0132,5208,101,96,73,97,68,85
ENSGDEMO000133,GENE0133,4422,156,493,175,497,84,260
ENSGDEMO000134,GENE0134,1567,15,10,9,12,4,15
ENSGDEMO000135,GENE0135,6725,77,101,49,109,23,30
ENSGDEMO000136,GENE0136,2138,102,252,269,468,367,126
ENSGDEMO000137,GENE0137,6342,39,65,35,54,37,49
ENSGDEMO000138,GENE0138,2494,46,75,63,131,79,88
ENSGDEMO000139,GENE0139,4026,109,47,83,119,72,184
ENSGDEMO000140,GENE0140,3637,115,134,156,304,141,111
ENSGDEMO000141,GENE0141,1539,8,18,31,23,19,20
ENSGDEMO000142,GENE0142,521,15,12,6,13,15,19
ENSGDEMO000143,GENE0143,3632,19,34,25,41,29,47
ENSGDEMO000144,GENE0144,4888,16,22,34,37,20,38
ENSGDEMO000145,GENE0145,2323,285,136,396,373,366,336
ENSGDEMO000146,GENE0146,923,172,124,140,123,99,49
ENSGDEMO000147,GENE0147,2846,46,103,43,128,84,38
ENSGDEMO000148,GENE0148,4760,50,73,56,81,11,25
ENSGDEMO000149,GENE0149,1182,452,219,385,82,256,320
ENSGDEMO000150,GENE0150,2997,63,121,77,218,53,72
ENSGDEMO000151,GENE0151,2315,0,0,1,0,0,1
ENSGDEMO000152,GENE0152,5574,281,288,575,322,46,178
ENSGDEMO000153,GENE0153,7126,23,15,25,31,34,56
ENSGDEMO000154,GENE0154,4297,113,188,149,137,203,135
ENSGDEMO000155,GENE0155,5229,972,1234,878,432,270,573
ENSGDEMO000156,GENE0156,4145,17,14,14,30,20,18
ENSGDEMO000157,GENE0157,1219,150,108,192,129,110,238
ENSGDEMO000158,GENE0158,6203,129,85,80,108,84,234
ENSGDEMO000159,GENE0159,4299,53,195,138,85,107,143
ENSGDEMO000160,GENE0160,3383,87,176,167,193,78,177
ENSGDEMO000161,GENE0161,880,144,284,313,672,351,300
ENSGDEMO000162,GENE0162,3063,7,8,4,19,4,10
ENSGDEMO000163,GENE0163,3244,235,268,394,384,413,247
ENSGDEMO000164,GENE0164,7731,117,290,278,221,320,240
ENSGDEMO000165,GENE0165,2185,64,27,117,113,65,55
ENSGDEMO000166,GENE0166,4782,20,55,91,217,104,52
ENSGDEMO000167,GENE0167,7936,22,28,54,65,39,108
ENSGDEMO000168,GENE0168,5346,22,26,12,30,28,35
ENSGDEMO000169,GENE0169,3873,25,28,73,82,19,82
ENSGDEMO000170,GENE0170,3166,395,646,526,846,608,610
ENSGDEMO000171,GENE0171,6890,45,107,33,98,39,138
ENSGDEMO000172,GENE0172,1630,88,91,90,109,94,149
ENSGDEMO000173,GENE0173,4737,128,162,227,171,116,128
ENSGDEMO000174,GENE0174,3364,334,201,302,490,366,406
ENSGDEMO000175,GENE0175,1246,57,48,42,53,27,79
ENSGDEMO000176,GENE0176,5175,2,0,0,0,0,0
ENSGDEMO000177,GENE0177,788,195,247,178,179,118,204
ENSGDEMO000178,GENE0178,5301,101,78,77,68,64,157
ENSGDEMO000179,GENE0179,2688,32,28,55,110,35,76
ENSGDEMO000180,GENE0180,6728,27,43,74,129,52,89
ENSGDEMO000181,GENE0181,2467,71,226,39,59,105,49
ENSGDEMO000182,GENE0182,5190,42,96,68,56,23,45
ENSGDEMO000183,GENE0183,765,219,102,161,220,55,163
ENSGDEMO000184,GENE0184,7551,97,205,229,278,189,284
ENSGDEMO000185,GENE0185,967,52,72,118,72,45,55
ENSGDEMO000186,GENE0186,2771,354,472,228,534,193,185
ENSGDEMO000187,GENE0187,2484,17,56,117,166,45,151
ENSGDEMO000188,GENE0188,6533,725,649,570,533,189,130
ENSGDEMO000189,GENE0189,7500,33,33,74,100,54,118
ENSGDEMO000190,GENE0190,6257,195,201,125,119,159,388
ENSGDEMO000191,GENE0191,5676,82,241,195,204,92,108
ENSGDEMO000192,GENE0192,5693,54,71,65,69,50,60
ENSGDEMO000193,GENE0193,1457,348,747,250,1023,204,338
ENSGDEMO000194,GENE0194,650,55,173,198,305,187,77
ENSGDEMO000195,GENE0195,3895,408,440,507,1188,349,489
ENSGDEMO000196,GENE0196,2418,40,70,61,62,22,39
ENSGDEMO000197,GENE0197,6210,22,57,19,89,82,80
ENSGDEMO000198,GENE0198,581,74,183,89,121,45,67
ENSGDEMO000199,GENE0199,809,93,386,325,294,270,334
ENSGDEMO000200,GENE0200,2706,128,234,237,258,144,140
ENSGDEMO000201,GENE0201,5859,232,98,184,169,228,114
ENSGDEMO000202,GENE0202,5254,58,366,112,383,341,81
ENSGDEMO000203,GENE0203,6830,10,3,5,12,5,7
ENSGDEMO000204,GENE0204,5408,12,35,11,24,39,22
ENSGDEMO000205,GENE0205,5948,54,42,81,99,45,35
ENSGDEMO000206,GENE0206,7610,89,410,147,155,101,180
ENSGDEMO000207,GENE0207,3641,454,795,144,331,81,642
ENSGDEMO000208,GENE0208,4886,26,89,67,206,65,61
ENSGDEMO000209,GENE0209,7773,270,275,252,422,272,444
ENSGDEMO000210,GENE0210,2991,89,68,34,166,64,55
ENSGDEMO000211,GENE0211,4334,65,188,136,80,75,152
ENSGDEMO000212,GENE0212,4481,88,193,147,109,104,349
ENSGDEMO000213,GENE0213,7262,95,83,52,180,167,162
ENSGDEMO000214,GENE0214,1634,226,1125,594,824,207,352
ENSGDEMO000215,GENE0215,7597,118,79,230,247,188,149
ENSGDEMO000216,GENE0216,634,125,110,176,223,130,162
ENSGDEMO000217,GENE0217,6698,127,164,141,127,40,247
ENSGDEMO000218,GENE0218,7705,28,50,36,28,36,40
ENSGDEMO000219,GENE0219,3255,86,83,98,129,86,73
ENSGDEMO000220,GENE0220,3497,455,275,238,479,223,258
ENSGDEMO000221,GENE0221,598,64,31,134,107,48,138
ENSGDEMO000222,GENE0222,565,276,627,414,448,182,630
ENSGDEMO000223,GENE0223,7811,413,104,400,505,798,1404
ENSGDEMO000224,GENE0224,6288,92,64,51,54,139,49
ENSGDEMO000225,GENE0225,1872,189,258,111,783,176,442
ENSGDEMO000226,GENE0226,1764,213,148,306,385,96,121
ENSGDEMO000227,GENE0227,4635,49,32,84,68,41,87
ENSGDEMO000228,GENE0228,5726,57,127,124,92,66,177
ENSGDEMO000229,GENE0229,3895,3,10,5,7,11,3
ENSGDEMO000230,GENE0230,538,44,80,36,39,21,123
ENSGDEMO000231,GENE0231,1279,16,29,27,30,8,35
ENSGDEMO000232,GENE0232,2408,182,438,126,921,262,523
ENSGDEMO000233,GENE0233,7056,88,184,108,203,93,118
ENSGDEMO000234,GENE0234,7797,149,210,133,179,90,284
ENSGDEMO000235,GENE0235,607,12,23,16,14,14,30
ENSGDEMO000236,GENE0236,7365,120,63,81,124,119,71
ENSGDEMO000237,GENE0237,2485,169,260,101,462,198,237
ENSGDEMO000238,GENE0238,7720,291,277,304,419,537,198
ENSGDEMO000239,GENE0239,4530,51,23,34,19,20,26
ENSGDEMO000240,GENE0240,4605,26,48,22,44,22,54
ENSGDEMO000241,GENE0241,1068,204,392,103,315,282,161
ENSGDEMO000242,GENE0242,7146,68,149,217,239,86,128
ENSGDEMO000243,GENE0243,703,20,34,15,56,20,14
ENSGDEMO000244,GENE0244,7810,64,104,122,122,97,275
ENSGDEMO000245,GENE0245,609,269,202,294,448,141,482
ENSGDEMO000246,GENE0246,7611,432,184,223,447,224,379
ENSGDEMO000247,GENE0247,3262,371,545,250,730,314,839
ENSGDEMO000248,GENE0248,7833,329,963,486,797,578,671
ENSGDEMO000249,GENE0249,2750,54,32,27,81,52,35
ENSGDEMO000250,GENE0250,1915,35,80,47,97,79,144
ENSGDEMO000251,GENE0251,5716,14,29,31,32,32,60
ENSGDEMO000252,GENE0252,1070,134,266,260,118,209,125
ENSGDEMO000253,GENE0253,6864,142,117,114,150,175,107
ENSGDEMO000254,GENE0254,4533,200,176,243,166,252,208
ENSGDEMO000255,GENE0255,7710,195,194,176,129,64,155
ENSGDEMO000256,GENE0256,5052,87,159,106,351,113,224
ENSGDEMO000257,GENE0257,3505,123,161,102,172,203,94
ENSGDEMO000258,GENE0258,5461,212,256,238,457,128,593
ENSGDEMO000259,GENE0259,1776,424,813,368,582,83,423
ENSGDEMO000260,GENE0260,4805,152,219,273,187,244,299
ENSGDEMO000261,GENE0261,7199,100,203,213,371,143,182
ENSGDEMO000262,GENE0262,5406,72,233,79,121,34,262
ENSGDEMO000263,GENE0263,5051,119,71,117,248,69,97
ENSGDEMO000264,GENE0264,1663,47,178,60,42,63,166
ENSGDEMO000265,GENE0265,4140,104,224,115,585,252,312
ENSGDEMO000266,GENE0266,810,71,92,27,111,67,53
ENSGDEMO000267,GENE0267,7619,62,117,62,129,65,118
ENSGDEMO000268,GENE0268,885,2,5,6,2,2,3
ENSGDEMO000269,GENE0269,6655,38,150,66,117,142,133
ENSGDEMO000270,GENE0270,931,31,194,182,241,144,86
ENSGDEMO000271,GENE0271,4027,107,125,63,298,137,67
ENSGDEMO000272,GENE0272,2242,18,19,19,31,9,32
ENSGDEMO000273,GENE0273,1582,5,4,5,3,2,1
ENSGDEMO000274,GENE0274,7897,18,98,30,30,8,85
ENSGDEMO000275,GENE0275,3681,42,31,24,108,83,63
ENSGDEMO000276,GENE0276,3640,0,4,2,2,1,1
ENSGDEMO000277,GENE0277,6854,98,336,124,508,123,431
ENSGDEMO000278,GENE0278,3713,163,198,196,273,226,204
ENSGDEMO000279,GENE0279,3235,109,401,179,325,191,112
ENSGDEMO000280,GENE0280,3717,169,125,151,99,81,154
ENSGDEMO000281,GENE0281,7737,175,193,199,243,154,243
ENSGDEMO000282,GENE0282,1781,391,606,276,583,148,460
ENSGDEMO000283,GENE0283,2292,14,33,16,45,28,26
ENSGDEMO000284,GENE0284,5310,169,187,195,159,92,157
ENSGDEMO000285,GENE0285,3691,97,184,48,190,74,48
ENSGDEMO000286,GENE0286,6790,230,337,292,372,121,106
ENSGDEMO000287,GENE0287,2112,124,64,42,122,53,65
ENSGDEMO000288,GENE0288,5342,148,125,88,150,130,248
ENSGDEMO000289,GENE0289,7503,4,14,12,13,12,16
ENSGDEMO000290,GENE0290,4249,5,5,3,7,4,6
ENSGDEMO000291,GENE0291,5006,4,9,12,29,24,15
ENSGDEMO000292,GENE0292,607,62,74,40,74,87,102
ENSGDEMO000293,GENE0293,4567,10,13,28,25,21,18
ENSGDEMO000294,GENE0294,5180,46,96,56,82,32,66
ENSGDEMO000295,GENE0295,2322,188,145,89,203,232,105
ENSGDEMO000296,GENE0296,2603,380,235,253,464,261,156
ENSGDEMO000297,GENE0297,5965,234,524,375,590,98,201
ENSGDEMO000298,GENE0298,1856,12,10,6,7,3,20
ENSGDEMO000299,GENE0299,2989,130,229,229,226,192,167
ENSGDEMO000300,GENE0300,6779,53,78,62,121,22,39
ENSGDEMO000301,GENE0301,6130,46,76,60,136,66,151
ENSGDEMO000302,GENE0302,6301,229,256,207,440,126,467
ENSGDEMO000303,GENE0303,2196,66,33,39,81,24,45
ENSGDEMO000304,GENE0304,683,188,288,223,427,181,167
ENSGDEMO000305,GENE0305,4862,131,122,106,168,276,117
ENSGDEMO000306,GENE0306,5174,151,374,247,131,208,162
ENSGDEMO000307,GENE0307,7662,66,233,84,395,131,132
ENSGDEMO000308,GENE0308,1933,177,212,94,214,177,93
ENSGDEMO000309,GENE0309,1514,219,1066,237,295,425,490
ENSGDEMO000310,GENE0310,5902,97,64,84,59,21,71
ENSGDEMO000311,GENE0311,4214,84,45,20,52,64,68
ENSGDEMO000312,GENE0312,7213,137,59,114,75,88,104
ENSGDEMO000313,GENE0313,4285,72,62,85,133,142,138
ENSGDEMO000314,GENE0314,5747,245,439,397,212,247,752
ENSGDEMO000315,GENE0315,2016,183,356,421,473,382,356
ENSGDEMO000316,GENE0316,3442,110,159,48,219,84,282
ENSGDEMO000317,GENE0317,4400,199,202,150,242,123,401
ENSGDEMO000318,GENE0318,5314,391,332,107,204,174,318
ENSGDEMO000319,GENE0319,3264,96,384,349,257,62,199
ENSGDEMO000320,GENE0320,5444,101,97,67,188,168,165
ENSGDEMO000321,GENE0321,5468,92,307,414,482,389,494
ENSGDEMO000322,GENE0322,1226,211,518,237,393,244,154
ENSGDEMO000323,GENE0323,3837,69,57,207,77,50,95
ENSGDEMO000324,GENE0324,1417,22,55,70,68,57,59
ENSGDEMO000325,GENE0325,6736,291,585,437,637,318,357
ENSGDEMO000326,GENE0326,1907,69,77,45,78,46,35
ENSGDEMO000327,GENE0327,2117,6,2,2,4,2,8
ENSGDEMO000328,GENE0328,4817,3,21,14,7,9,20
ENSGDEMO000329,GENE0329,6317,14,8,4,10,3,15
ENSGDEMO000330,GENE0330,6325,3,5,3,3,3,7
ENSGDEMO000331,GENE0331,3554,19,111,60,215,63,56
ENSGDEMO000332,GENE0332,4200,8,33,18,29,3,40
ENSGDEMO000333,GENE0333,4430,57,62,76,72,43,88
ENSGDEMO000334,GENE0334,1851,97,156,221,143,127,136
ENSGDEMO000335,GENE0335,1536,16,18,25,31,34,21
ENSGDEMO000336,GENE0336,1294,9,18,16,37,22,10
ENSGDEMO000337,GENE0337,4430,105,112,50,70,88,131
ENSGDEMO000338,GENE0338,3809,12,19,21,40,6,28
ENSGDEMO000339,GENE0339,6462,27,65,118,176,48,71
ENSGDEMO000340,GENE0340,6949,460,264,334,378,191,227
ENSGDEMO000341,GENE0341,1594,130,61,162,84,34,70
ENSGDEMO000342,GENE0342,7852,140,182,192,193,78,328
ENSGDEMO000343,GENE0343,3776,227,105,98,333,73,169
ENSGDEMO000344,GENE0344,3423,19,22,34,36,15,35
ENSGDEMO000345,GENE0345,1789,55,30,67,79,61,72
ENSGDEMO000346,GENE0346,5502,173,245,113,195,15,124
ENSGDEMO000347,GENE0347,5175,71,296,42,144,178,87
ENSGDEMO000348,GENE0348,6919,592,444,309,555,172,689
ENSGDEMO000349,GENE0349,5676,101,158,76,176,122,223
ENSGDEMO000350,GENE0350,6676,51,141,205,328,124,70
ENSGDEMO000351,GENE0351,5753,4,9,4,9,5,5
ENSGDEMO000352,GENE0352,2313,91,130,35,41,69,180
ENSGDEMO000353,GENE0353,1585,10,21,1,13,15,10
ENSGDEMO000354,GENE0354,3217,27,14,5,18,24,17
ENSGDEMO000355,GENE0355,3635,47,39,56,112,116,90
ENSGDEMO000356,GENE0356,2858,66,63,49,91,38,34
ENSGDEMO000357,GENE0357,5648,392,262,182,509,240,542
ENSGDEMO000358,GENE0358,6193,157,265,92,206,158,92
ENSGDEMO000359,GENE0359,2984,2,19,13,8,18,12
ENSGDEMO000360,GENE0360,2001,276,616,385,449,148,238
ENSGDEMO000361,GENE0361,6408,13,21,25,34,26,23
ENSGDEMO000362,GENE0362,5314,41,73,54,57,35,35
ENSGDEMO000363,GENE0363,1100,461,724,212,557,205,435
ENSGDEMO000364,GENE0364,1311,49,145,74,112,71,237
ENSGDEMO000365,GENE0365,2288,94,41,56,85,65,163
ENSGDEMO000366,GENE0366,7231,598,528,504,952,301,896
ENSGDEMO000367,GENE0367,3332,61,70,126,85,93,143
ENSGDEMO000368,GENE0368,3048,22,38,40,38,21,33
ENSGDEMO000369,GENE0369,6307,0,1,0,0,0,0
ENSGDEMO000370,GENE0370,1058,185,246,86,204,148,156
ENSGDEMO000371,GENE0371,5998,37,166,419,237,195,250
ENSGDEMO000372,GENE0372,6928,77,118,125,235,58,188
ENSGDEMO000373,GENE0373,5837,94,127,270,317,150,167
ENSGDEMO000374,GENE0374,5731,102,121,267,323,95,268
ENSGDEMO000375,GENE0375,2567,32,48,20,58,30,58
ENSGDEMO000376,GENE0376,581,29,58,27,61,23,59
ENSGDEMO000377,GENE0377,6911,30,151,136,131,49,96
ENSGDEMO000378,GENE0378,6956,52,38,38,121,29,67
ENSGDEMO000379,GENE0379,3311,168,233,149,124,178,216
ENSGDEMO000380,GENE0380,6354,62,60,49,143,36,65
ENSGDEMO000381,GENE0381,2403,381,219,173,500,313,333
ENSGDEMO000382,GENE0382,3114,487,878,760,863,677,728
ENSGDEMO000383,GENE0383,6449,13,42,33,27,13,11
ENSGDEMO000384,GENE0384,5167,433,497,481,532,228,960
ENSGDEMO000385,GENE0385,825,49,41,42,43,27,26
ENSGDEMO000386,GENE0386,7695,378,584,233,347,380,165
ENSGDEMO000387,GENE0387,6074,24,19,24,25,38,45
ENSGDEMO000388,GENE0388,1484,13,17,15,37,9,40
ENSGDEMO000389,GENE0389,3980,573,1124,291,320,333,388
ENSGDEMO000390,GENE0390,843,14,14,4,15,13,17
ENSGDEMO000391,GENE0391,4316,35,35,22,85,70,38
ENSGDEMO000392,GENE0392,1878,398,473,220,374,641,716
ENSGDEMO000393,GENE0393,6836,75,73,84,214,42,145
ENSGDEMO000394,GENE0394,6918,35,22,19,11,15,8
ENSGDEMO000395,GENE0395,7203,34,11,17,49,11,32
ENSGDEMO000396,GENE0396,2734,191,171,101,493,183,352
ENSGDEMO000397,GENE0397,4663,206,317,136,275,105,354
ENSGDEMO000398,GENE0398,5877,33,31,82,37,30,145
ENSGDEMO000399,GENE0399,6201,478,617,155,527,98,887
ENSGDEMO000400,GENE0400,5041,69,97,78,95,152,103
ENSGDEMO000401,GENE0401,1392,559,465,402,889,583,449
ENSGDEMO000402,GENE0402,6559,358,365,181,369,218,370
ENSGDEMO000403,GENE0403,2483,5,8,11,27,11,23
ENSGDEMO000404,GENE0404,7138,94,142,115,350,93,258
ENSGDEMO000405,GENE0405,3655,82,121,68,140,118,117
ENSGDEMO000406,GENE0406,3766,516,795,407,518,413,1259
ENSGDEMO000407,GENE0407,4167,150,547,367,364,144,210
ENSGDEMO000408,GENE0408,3242,309,208,261,182,264,532
ENSGDEMO000409,GENE0409,5658,82,176,115,166,96,387
ENSGDEMO000410,GENE0410,4174,46,144,101,59,26,51
ENSGDEMO000411,GENE0411,6905,66,99,78,90,50,121
ENSGDEMO000412,GENE0412,4287,6,2,14,12,4,6
ENSGDEMO000413,GENE0413,5794,191,79,365,159,182,117
ENSGDEMO000414,GENE0414,1498,86,89,143,123,177,65
ENSGDEMO000415,GENE0415,7188,24,74,22,36,18,56
ENSGDEMO000416,GENE0416,3102,15,61,81,67,39,87
ENSGDEMO000417,GENE0417,4846,163,122,114,174,59,62
ENSGDEMO000418,GENE0418,725,82,98,124,131,83,79
ENSGDEMO000419,GENE0419,7769,283,208,433,313,192,398
ENSGDEMO000420,GENE0420,559,63,63,53,42,67,75
ENSGDEMO000421,GENE0421,6426,90,86,154,183,84,164
ENSGDEMO000422,GENE0422,3087,264,227,112,127,188,346
ENSGDEMO000423,GENE0423,4278,29,48,63,43,24,49
ENSGDEMO000424,GENE0424,5017,164,113,81,230,185,162
ENSGDEMO000425,GENE0425,5138,42,90,15,56,52,70
ENSGDEMO000426,GENE0426,3828,4,28,7,4,8,31
ENSGDEMO000427,GENE0427,7871,101,211,247,225,128,233
ENSGDEMO000428,GENE0428,6768,431,809,435,279,384,458
ENSGDEMO000429,GENE0429,3373,13,27,15,67,10,18
ENSGDEMO000430,GENE0430,2634,22,34,38,131,69,39
ENSGDEMO000431,GENE0431,2756,111,139,170,180,190,280
ENSGDEMO000432,GENE0432,6027,5,42,37,44,27,51
ENSGDEMO000433,GENE0433,5387,332,184,416,173,209,220
ENSGDEMO000434,GENE0434,3091,48,61,58,78,87,38
ENSGDEMO000435,GENE0435,1988,9,77,134,102,86,96
ENSGDEMO000436,GENE0436,3521,210,198,110,374,282,136
ENSGDEMO000437,GENE0437,1523,52,228,51,81,130,47
ENSGDEMO000438,GENE0438,4924,11,28,51,38,34,25
ENSGDEMO000439,GENE0439,1645,45,132,121,170,45,208
ENSGDEMO000440,GENE0440,4186,6,14,21,6,12,16
ENSGDEMO000441,GENE0441,3278,21,69,10,68,38,63
ENSGDEMO000442,GENE0442,4488,86,148,139,238,117,258
ENSGDEMO000443,GENE0443,6672,79,201,123,71,116,154
ENSGDEMO000444,GENE0444,6399,82,146,154,269,104,212
ENSGDEMO000445,GENE0445,4216,15,19,23,33,18,16
ENSGDEMO000446,GENE0446,800,14,25,20,29,24,29
ENSGDEMO000447,GENE0447,6037,77,61,103,50,107,48
ENSGDEMO000448,GENE0448,1429,110,153,143,161,62,148
ENSGDEMO000449,GENE0449,7965,288,234,384,281,391,353
ENSGDEMO000450,GENE0450,7013,182,153,133,335,90,87
ENSGDEMO000451,GENE0451,7237,36,49,51,52,32,21
ENSGDEMO000452,GENE0452,1688,20,25,24,68,24,60
ENSGDEMO000453,GENE0453,7142,86,42,85,185,78,75
ENSGDEMO000454,GENE0454,5366,145,83,101,119,66,148
ENSGDEMO000455,GENE0455,6134,41,74,122,73,50,65
ENSGDEMO000456,GENE0456,2896,217,241,58,87,123,292
ENSGDEMO000457,GENE0457,856,21,51,59,132,26,37
ENSGDEMO000458,GENE0458,6428,170,239,125,501,101,238
ENSGDEMO000459,GENE0459,4615,56,60,124,223,95,116
ENSGDEMO000460,GENE0460,4677,79,87,96,65,75,45
ENSGDEMO000461,GENE0461,2324,45,44,44,54,38,56
ENSGDEMO000462,GENE0462,4204,59,85,135,65,62,63
ENSGDEMO000463,GENE0463,5949,188,169,97,175,161,224
ENSGDEMO000464,GENE0464,5299,66,98,85,225,54,58
ENSGDEMO000465,GENE0465,5760,50,35,72,195,216,187
ENSGDEMO000466,GENE0466,915,4,8,8,4,1,2
ENSGDEMO000467,GENE0467,833,201,657,175,279,141,325
ENSGDEMO000468,GENE0468,1468,127,61,76,222,114,142
ENSGDEMO000469,GENE0469,2217,65,33,6,22,28,19
ENSGDEMO000470,GENE0470,3745,578,545,415,1003,492,749
ENSGDEMO000471,GENE0471,2406,59,88,51,55,97,118
ENSGDEMO000472,GENE0472,1513,95,160,147,163,84,192
ENSGDEMO000473,GENE0473,4545,631,855,508,660,306,706
ENSGDEMO000474,GENE0474,2756,14,12,19,13,6,24
ENSGDEMO000475,GENE0475,7901,90,167,129,148,166,248
ENSGDEMO000476,GENE0476,4294,18,38,18,18,29,26
ENSGDEMO000477,GENE0477,6517,81,245,101,179,48,90
ENSGDEMO000478,GENE0478,5326,107,65,67,52,183,98
ENSGDEMO000479,GENE0479,1631,79,63,98,87,61,145
ENSGDEMO000480,GENE0480,3201,57,83,129,208,124,110
ENSGDEMO000481,GENE0481,1652,183,450,267,434,152,240
ENSGDEMO000482,GENE0482,7263,11,4,14,23,10,16
ENSGDEMO000483,GENE0483,1061,95,111,111,111,94,121
ENSGDEMO000484,GENE0484,7739,54,126,172,169,93,92
ENSGDEMO000485,GENE0485,901,116,87,60,147,121,128
ENSGDEMO000486,GENE0486,3528,71,53,155,226,75,97
ENSGDEMO000487,GENE0487,4225,41,51,28,67,27,23
ENSGDEMO000488,GENE0488,4574,142,81,171,272,178,210
ENSGDEMO000489,GENE0489,7813,224,324,286,501,235,97
ENSGDEMO000490,GENE0490,2567,64,123,168,72,47,68
ENSGDEMO000491,GENE0491,7731,4,13,13,29,15,13
ENSGDEMO000492,GENE0492,961,187,465,328,636,237,934
ENSGDEMO000493,GENE0493,1346,208,536,161,651,347,399
ENSGDEMO000494,GENE0494,5882,69,174,384,137,120,272
ENSGDEMO000495,GENE0495,7638,91,491,193,56,190,224
ENSGDEMO000496,GENE0496,1220,148,132,172,289,270,582
ENSGDEMO000497,GENE0497,3586,183,122,157,121,251,192
ENSGDEMO000498,GENE0498,3322,241,374,384,161,221,192
ENSGDEMO000499,GENE0499,7477,40,59,64,39,67,71
ENSGDEMO000500,GENE0500,2309,111,394,163,134,69,154
ENSGDEMO000501,GENE0501,4318,56,46,198,173,65,197
ENSGDEMO000502,GENE0502,3183,102,291,138,238,82,306
ENSGDEMO000503,GENE0503,7245,59,33,58,73,46,85
ENSGDEMO000504,GENE0504,2889,59,62,72,202,54,51
ENSGDEMO000505,GENE0505,2496,87,210,111,73,168,151
ENSGDEMO000506,GENE0506,2846,78,108,30,65,61,117
ENSGDEMO000507,GENE0507,3469,119,154,156,120,56,161
ENSGDEMO000508,GENE0508,7040,135,116,93,94,140,111
ENSGDEMO000509,GENE0509,5644,307,329,332,651,195,179
ENSGDEMO000510,GENE0510,2778,106,85,163,92,68,109
ENSGDEMO000511,GENE0511,5876,73,36,54,166,61,104
ENSGDEMO000512,GENE0512,5731,1219,407,741,1179,952,828
ENSGDEMO000513,GENE0513,4938,86,148,137,256,144,201
ENSGDEMO000514,GENE0514,6167,68,103,68,20,69,66
ENSGDEMO000515,GENE0515,1008,69,39,54,105,43,78
ENSGDEMO000516,GENE0516,3975,197,207,225,441,148,145
ENSGDEMO000517,GENE0517,7620,274,247,475,810,471,902
ENSGDEMO000518,GENE0518,7763,66,41,58,79,55,37
ENSGDEMO000519,GENE0519,2888,4,6,5,1,1,9
ENSGDEMO000520,GENE0520,6624,43,135,111,130,96,108
ENSGDEMO000521,GENE0521,1398,18,9,6,12,5,12
ENSGDEMO000522,GENE0522,7291,49,254,178,391,48,187
ENSGDEMO000523,GENE0523,6334,309,354,296,588,256,383
ENSGDEMO000524,GENE0524,2008,96,125,173,165,67,100
ENSGDEMO000525,GENE0525,5391,28,128,27,67,50,47
ENSGDEMO000526,GENE0526,6938,68,40,68,243,95,118
ENSGDEMO000527,GENE0527,4782,4,28,27,28,37,27
ENSGDEMO000528,GENE0528,3426,6,19,27,45,24,35
ENSGDEMO000529,GENE0529,6548,157,99,79,212,154,202
ENSGDEMO000530,GENE0530,7330,71,69,114,59,83,93
ENSGDEMO000531,GENE0531,3571,155,155,194,285,92,67
ENSGDEMO000532,GENE0532,4782,249,168,189,312,151,122
ENSGDEMO000533,GENE0533,3524,796,123,236,605,499,996
ENSGDEMO000534,GENE0534,5260,29,48,31,54,49,35
ENSGDEMO000535,GENE0535,1606,267,731,181,481,367,155
ENSGDEMO000536,GENE0536,5105,99,120,171,163,185,108
ENSGDEMO000537,GENE0537,5564,15,6,17,13,13,11
ENSGDEMO000538,GENE0538,5342,177,520,515,498,141,631
ENSGDEMO000539,GENE0539,6581,43,77,69,124,75,25
ENSGDEMO000540,GENE0540,7661,215,49,128,202,94,217
ENSGDEMO000541,GENE0541,1385,293,465,198,260,216,260
ENSGDEMO000542,GENE0542,3662,30,79,83,61,71,55
ENSGDEMO000543,GENE0543,5255,112,207,158,192,123,271
ENSGDEMO000544,GENE0544,7017,7,31,16,11,11,20
ENSGDEMO000545,GENE0545,898,175,337,68,229,212,370
ENSGDEMO000546,GENE0546,630,134,289,146,298,186,419
ENSGDEMO000547,GENE0547,1346,16,15,35,38,7,15
ENSGDEMO000548,GENE0548,4343,21,32,43,112,10,25
ENSGDEMO000549,GENE0549,704,89,111,33,99,52,104
ENSGDEMO000550,GENE0550,4577,37,64,55,37,35,49
ENSGDEMO000551,GENE0551,7019,97,129,39,92,50,121
ENSGDEMO000552,GENE0552,5503,307,158,210,248,212,203
ENSGDEMO000553,GENE0553,2006,73,59,84,75,41,36
ENSGDEMO000554,GENE0554,1760,1031,181,308,466,311,526
ENSGDEMO000555,GENE0555,2946,11,37,24,25,27,40
ENSGDEMO000556,GENE0556,7871,64,239,94,93,136,249
ENSGDEMO000557,GENE0557,3172,27,144,70,167,78,104
ENSGDEMO000558,GENE0558,3433,169,496,241,326,219,338
ENSGDEMO000559,GENE0559,7860,1002,465,1052,534,299,583
ENSGDEMO000560,GENE0560,3603,68,37,69,63,75,99
ENSGDEMO000561,GENE0561,7605,148,188,111,143,188,52
ENSGDEMO000562,GENE0562,1835,178,200,473,534,321,777
ENSGDEMO000563,GENE0563,2850,41,30,18,24,15,21
ENSGDEMO000564,GENE0564,6891,190,768,222,405,425,268
ENSGDEMO000565,GENE0565,1998,119,195,124,55,60,60
ENSGDEMO000566,GENE0566,7521,177,133,174,245,96,238
ENSGDEMO000567,GENE0567,6704,136,327,196,181,259,288
ENSGDEMO000568,GENE0568,3217,22,141,76,122,56,106
ENSGDEMO000569,GENE0569,604,16,11,11,5,9,11
ENSGDEMO000570,GENE0570,7951,248,209,149,637,164,238
ENSGDEMO000571,GENE0571,1632,96,235,171,89,108,186
ENSGDEMO000572,GENE0572,6480,98,206,135,88,145,66
ENSGDEMO000573,GENE0573,5259,214,359,241,398,168,255
ENSGDEMO000574,GENE0574,775,228,650,153,441,319,437
ENSGDEMO000575,GENE0575,2940,11,36,14,38,24,31
ENSGDEMO000576,GENE0576,3154,342,348,124,608,299,425
ENSGDEMO000577,GENE0577,1684,22,27,30,40,34,96
ENSGDEMO000578,GENE0578,5349,0,8,1,4,4,6
ENSGDEMO000579,GENE0579,2906,19,101,83,49,40,80
ENSGDEMO000580,GENE0580,7203,124,562,143,267,197,244
ENSGDEMO000581,GENE0581,7084,16,35,38,47,22,6
ENSGDEMO000582,GENE0582,2782,8,44,1,14,34,42
ENSGDEMO000583,GENE0583,7115,29,46,34,34,19,38
ENSGDEMO000584,GENE0584,5011,10,29,18,13,11,25
ENSGDEMO000585,GENE0585,7532,160,138,63,174,138,159
ENSGDEMO000586,GENE0586,1327,91,79,126,53,51,126
ENSGDEMO000587,GENE0587,7092,5,3,2,10,4,4
ENSGDEMO000588,GENE0588,6601,63,36,48,119,116,69
ENSGDEMO000589,GENE0589,1839,482,505,325,1044,295,930
ENSGDEMO000590,GENE0590,6220,41,22,26,44,11,22
ENSGDEMO000591,GENE0591,5705,45,137,136,223,125,155
ENSGDEMO000592,GENE0592,1524,127,214,389,79,87,190
ENSGDEMO000593,GENE0593,7822,174,273,306,839,251,519
ENSGDEMO000594,GENE0594,2457,193,249,259,372,162,313
ENSGDEMO000595,GENE0595,7363,217,105,164,385,106,188
ENSGDEMO000596,GENE0596,5927,148,228,301,563,347,316
ENSGDEMO000597,GENE0597,4675,201,234,283,262,152,300
ENSGDEMO000598,GENE0598,3017,50,88,164,165,123,110
ENSGDEMO000599,GENE0599,1508,52,42,87,63,31,63
ENSGDEMO000600,GENE0600,1599,135,36,181,254,148,103
ENSGDEMO000601,GENE0601,7186,96,115,128,174,84,241
ENSGDEMO000602,GENE0602,2855,94,47,42,17,61,66
ENSGDEMO000603,GENE0603,7273,54,76,132,119,23,151
ENSGDEMO000604,GENE0604,5189,58,84,110,222,93,63
ENSGDEMO000605,GENE0605,832,24,90,48,24,72,68
ENSGDEMO000606,GENE0606,3223,226,171,248,335,161,207
ENSGDEMO000607,GENE0607,7330,239,145,228,165,206,237
ENSGDEMO000608,GENE0608,1664,87,91,69,360,100,162
ENSGDEMO000609,GENE0609,1081,2,10,13,25,21,27
ENSGDEMO000610,GENE0610,1367,167,434,567,366,222,697
ENSGDEMO000611,GENE0611,834,44,54,47,163,117,193
ENSGDEMO000612,GENE0612,1661,287,429,166,471,133,213
ENSGDEMO000613,GENE0613,7156,223,261,276,296,132,664
ENSGDEMO000614,GENE0614,2271,41,40,64,21,56,66
ENSGDEMO000615,GENE0615,2118,179,51,171,265,195,117
ENSGDEMO000616,GENE0616,4341,51,51,29,108,53,48
ENSGDEMO000617,GENE0617,1089,94,287,380,260,74,255
ENSGDEMO000618,GENE0618,3096,139,112,134,250,125,104
ENSGDEMO000619,GENE0619,7377,44,25,80,33,49,34
ENSGDEMO000620,GENE0620,6913,210,376,226,360,210,480
ENSGDEMO000621,GENE0621,4525,39,29,39,99,59,35
ENSGDEMO000622,GENE0622,7426,345,587,315,190,278,529
ENSGDEMO000623,GENE0623,4196,77,146,47,85,81,138
ENSGDEMO000624,GENE0624,5376,68,43,80,56,101,48
ENSGDEMO000625,GENE0625,3408,30,34,22,22,17,30
ENSGDEMO000626,GENE0626,5775,162,165,123,296,244,302
ENSGDEMO000627,GENE0627,3697,44,32,40,152,61,99
ENSGDEMO000628,GENE0628,7221,71,206,108,475,111,213
ENSGDEMO000629,GENE0629,3212,59,78,57,65,23,132
ENSGDEMO000630,GENE0630,5370,34,57,39,37,61,45
ENSGDEMO000631,GENE0631,818,316,268,195,341,179,76
ENSGDEMO000632,GENE0632,3815,34,120,62,166,103,53
ENSGDEMO000633,GENE0633,6003,12,25,24,80,32,32
ENSGDEMO000634,GENE0634,4842,42,39,109,121,38,17
ENSGDEMO000635,GENE0635,6886,348,713,316,1038,543,522
ENSGDEMO000636,GENE0636,1900,175,278,84,92,129,376
ENSGDEMO000637,GENE0637,5528,293,244,289,329,190,323
ENSGDEMO000638,GENE0638,5988,51,123,73,88,73,63
ENSGDEMO000639,GENE0639,5574,98,340,222,209,239,130
ENSGDEMO000640,GENE0640,1302,54,65,33,73,41,38
ENSGDEMO000641,GENE0641,2340,267,386,349,384,283,401
ENSGDEMO000642,GENE0642,7628,5,9,2,9,8,4
ENSGDEMO000643,GENE0643,7588,7,25,28,33,19,27
ENSGDEMO000644,GENE0644,4082,0,1,1,2,0,2
ENSGDEMO000645,GENE0645,2939,29,36,38,92,19,36
ENSGDEMO000646,GENE0646,7510,51,190,231,136,58,76
ENSGDEMO000647,GENE0647,7573,454,165,189,555,439,568
ENSGDEMO000648,GENE0648,5549,37,44,68,70,38,50
ENSGDEMO000649,GENE0649,1857,84,190,96,192,169,152
ENSGDEMO000650,GENE0650,7249,148,98,167,294,136,420
ENSGDEMO000651,GENE0651,3505,37,44,54,69,70,74
ENSGDEMO000652,GENE0652,1661,89,188,97,292,129,212
ENSGDEMO000653,GENE0653,1927,131,98,58,91,92,83
ENSGDEMO000654,GENE0654,7756,58,37,63,72,50,70
ENSGDEMO000655,GENE0655,6974,75,100,302,156,91,198
ENSGDEMO000656,GENE0656,3634,22,36,14,34,45,23
ENSGDEMO000657,GENE0657,1075,86,86,164,46,169,173
ENSGDEMO000658,GENE0658,2522,219,264,246,294,218,613
ENSGDEMO000659,GENE0659,4536,14,48,19,50,19,30
ENSGDEMO000660,GENE0660,4712,71,87,122,91,52,87
ENSGDEMO000661,GENE0661,4672,117,156,133,110,89,149
ENSGDEMO000662,GENE0662,2533,94,82,93,163,54,149
ENSGDEMO000663,GENE0663,2299,40,36,23,22,15,13
ENSGDEMO000664,GENE0664,3279,288,167,101,127,92,189
ENSGDEMO000665,GENE0665,7012,26,46,42,46,19,66
ENSGDEMO000666,GENE0666,2261,136,488,115,494,241,330
ENSGDEMO000667,GENE0667,4927,128,44,102,121,56,59
ENSGDEMO000668,GENE0668,6950,83,85,113,112,97,118
ENSGDEMO000669,GENE0669,4333,25,2,16,13,14,26
ENSGDEMO000670,GENE0670,3662,376,670,519,199,283,570
ENSGDEMO000671,GENE0671,2914,50,36,55,34,33,15
ENSGDEMO000672,GENE0672,5690,56,70,77,80,53,140
ENSGDEMO000673,GENE0673,3489,3,1,1,3,2,1
ENSGDEMO000674,GENE0674,753,487,270,532,404,462,473
ENSGDEMO000675,GENE0675,4512,73,224,99,121,169,124
ENSGDEMO000676,GENE0676,5259,374,687,452,812,399,643
ENSGDEMO000677,GENE0677,7420,335,132,211,455,188,193
ENSGDEMO000678,GENE0678,4838,104,23,78,144,49,58
ENSGDEMO000679,GENE0679,5798,65,283,53,147,78,161
ENSGDEMO000680,GENE0680,7961,42,109,171,196,75,63
ENSGDEMO000681,GENE0681,7478,172,145,79,411,85,290
ENSGDEMO000682,GENE0682,954,40,36,91,67,21,30
ENSGDEMO000683,GENE0683,6263,31,27,21,33,19,19
ENSGDEMO000684,GENE0684,2675,138,337,388,299,302,638
ENSGDEMO000685,GENE0685,6300,31,75,77,78,34,176
ENSGDEMO000686,GENE0686,1896,71,103,116,92,166,318
ENSGDEMO000687,GENE0687,6261,621,516,756,676,184,689
ENSGDEMO000688,GENE0688,4663,202,243,595,346,171,281
ENSGDEMO000689,GENE0689,5160,118,184,173,269,279,195
ENSGDEMO000690,GENE0690,1169,36,151,97,108,34,336
ENSGDEMO000691,GENE0691,2381,85,112,94,127,134,78
ENSGDEMO000692,GENE0692,4822,313,236,114,317,88,377
ENSGDEMO000693,GENE0693,6488,297,474,234,444,280,522
ENSGDEMO000694,GENE0694,5848,9,33,16,27,19,15
ENSGDEMO000695,GENE0695,4307,192,94,161,214,157,299
ENSGDEMO000696,GENE0696,6174,39,109,73,86,14,46
ENSGDEMO000697,GENE0697,7501,63,97,28,87,40,89
ENSGDEMO000698,GENE0698,7620,106,97,165,272,104,145
ENSGDEMO000699,GENE0699,6870,94,90,93,396,99,148
ENSGDEMO000700,GENE0700,3947,81,82,44,150,106,121
ENSGDEMO000701,GENE0701,3026,147,551,412,292,177,741
ENSGDEMO000702,GENE0702,5767,83,72,97,320,166,148
ENSGDEMO000703,GENE0703,963,4,39,13,23,14,13
ENSGDEMO000704,GENE0704,7670,114,156,193,74,259,194
ENSGDEMO000705,GENE0705,3979,66,63,23,77,11,127
ENSGDEMO000706,GENE0706,952,243,287,179,204,193,175
ENSGDEMO000707,GENE0707,5827,27,61,209,124,37,40
ENSGDEMO000708,GENE0708,4556,324,538,502,275,171,158
ENSGDEMO000709,GENE0709,6824,56,220,104,319,153,284
ENSGDEMO000710,GENE0710,6567,25,62,73,54,45,31
ENSGDEMO000711,GENE0711,3660,132,147,256,147,160,217
ENSGDEMO000712,GENE0712,2383,128,106,112,277,45,72
ENSGDEMO000713,GENE0713,3769,103,253,112,172,110,148
ENSGDEMO000714,GENE0714,2070,42,90,130,153,143,161
ENSGDEMO000715,GENE0715,3887,6,28,17,47,14,32
ENSGDEMO000716,GENE0716,4785,9,2,7,6,1,6
ENSGDEMO000717,GENE0717,1922,25,10,15,29,11,17
ENSGDEMO000718,GENE0718,7430,41,22,16,78,22,44
ENSGDEMO000719,GENE0719,4858,352,475,347,965,300,756
ENSGDEMO000720,GENE0720,507,65,91,103,96,45,88
ENSGDEMO000721,GENE0721,1797,294,214,206,312,255,417
ENSGDEMO000722,GENE0722,1324,48,65,28,76,56,118
ENSGDEMO000723,GENE0723,4085,135,77,78,67,28,235
ENSGDEMO000724,GENE0724,5141,157,210,305,407,341,504
ENSGDEMO000725,GENE0725,1852,21,28,18,23,11,30
ENSGDEMO000726,GENE0726,7922,145,99,40,142,114,131
ENSGDEMO000727,GENE0727,6725,104,97,248,178,98,94
ENSGDEMO000728,GENE0728,5611,118,299,159,208,194,145
ENSGDEMO000729,GENE0729,3292,151,251,132,248,134,279
ENSGDEMO000730,GENE0730,6699,52,208,145,148,47,190
ENSGDEMO000731,GENE0731,5627,25,69,36,25,54,93
ENSGDEMO000732,GENE0732,5792,68,129,92,186,83,100
ENSGDEMO000733,GENE0733,4184,149,423,195,390,254,327
ENSGDEMO000734,GENE0734,3873,66,35,23,141,65,97
ENSGDEMO000735,GENE0735,4309,119,88,156,153,147,184
ENSGDEMO000736,GENE0736,3266,153,203,290,404,171,220
ENSGDEMO000737,GENE0737,4678,120,126,293,326,119,347
ENSGDEMO000738,GENE0738,4388,42,74,110,34,61,69
ENSGDEMO000739,GENE0739,6890,19,12,13,12,9,5
ENSGDEMO000740,GENE0740,6949,45,88,70,152,27,165
ENSGDEMO000741,GENE0741,4594,222,224,172,209,114,184
ENSGDEMO000742,GENE0742,4603,51,26,16,85,23,68
ENSGDEMO000743,GENE0743,2301,44,18,65,45,62,64
ENSGDEMO000744,GENE0744,1238,93,98,97,111,63,227
ENSGDEMO000745,GENE0745,2870,186,167,304,388,180,231
ENSGDEMO000746,GENE0746,6655,208,276,288,293,234,436
ENSGDEMO000747,GENE0747,1060,47,49,72,78,30,63
ENSGDEMO000748,GENE0748,3193,45,53,23,390,87,88
ENSGDEMO000749,GENE0749,6154,46,50,57,88,91,47
ENSGDEMO000750,GENE0750,3082,58,74,64,31,68,122
ENSGDEMO000751,GENE0751,4150,30,79,54,31,12,42
ENSGDEMO000752,GENE0752,5435,210,111,433,213,98,274
ENSGDEMO000753,GENE0753,7584,192,1071,280,76,387,327
ENSGDEMO000754,GENE0754,5213,13,15,39,49,14,34
ENSGDEMO000755,GENE0755,1564,303,353,421,178,137,385
ENSGDEMO000756,GENE0756,2599,263,126,236,239,36,116
ENSGDEMO000757,GENE0757,5148,48,125,99,33,35,53
ENSGDEMO000758,GENE0758,1242,486,255,232,381,112,653
ENSGDEMO000759,GENE0759,6451,6,22,17,29,30,21
ENSGDEMO000760,GENE0760,5805,49,94,19,87,89,141
ENSGDEMO000761,GENE0761,2589,30,20,29,27,26,21
ENSGDEMO000762,GENE0762,5078,115,205,40,110,66,195
ENSGDEMO000763,GENE0763,2494,51,248,53,380,77,133
ENSGDEMO000764,GENE0764,693,34,12,20,59,25,20
ENSGDEMO000765,GENE0765,941,113,461,238,173,224,192
ENSGDEMO000766,GENE0766,3448,133,283,386,207,215,209
ENSGDEMO000767,GENE0767,754,194,231,149,271,178,115
ENSGDEMO000768,GENE0768,878,10,13,31,12,31,14
ENSGDEMO000769,GENE0769,4107,90,193,155,231,117,135
ENSGDEMO000770,GENE0770,1672,102,152,48,167,100,116
ENSGDEMO000771,GENE0771,5690,134,190,137,216,73,137
ENSGDEMO000772,GENE0772,6621,65,47,88,106,64,79
ENSGDEMO000773,GENE0773,1291,359,614,299,1050,291,390
ENSGDEMO000774,GENE0774,1374,108,96,154,194,99,142
ENSGDEMO000775,GENE0775,5369,69,183,173,78,246,135
ENSGDEMO000776,GENE0776,1422,106,203,125,235,153,158
ENSGDEMO000777,GENE0777,6155,189,314,146,320,419,140
ENSGDEMO000778,GENE0778,5491,62,31,56,160,86,42
ENSGDEMO000779,GENE0779,4935,93,46,46,107,69,149
ENSGDEMO000780,GENE0780,5855,535,467,322,524,777,839
ENSGDEMO000781,GENE0781,7114,31,17,28,27,26,37
ENSGDEMO000782,GENE0782,5538,64,57,82,209,42,31
ENSGDEMO000783,GENE0783,2359,178,544,477,419,299,395
ENSGDEMO000784,GENE0784,2412,16,146,87,227,47,199
ENSGDEMO000785,GENE0785,5754,127,355,222,352,196,110
ENSGDEMO000786,GENE0786,7011,195,304,131,67,207,294
ENSGDEMO000787,GENE0787,4496,284,602,210,248,149,274
ENSGDEMO000788,GENE0788,6349,119,316,159,124,93,364
ENSGDEMO000789,GENE0789,6189,146,248,338,138,169,74
ENSGDEMO000790,GENE0790,2102,137,92,63,412,93,199
ENSGDEMO000791,GENE0791,2235,157,388,130,356,63,244
ENSGDEMO000792,GENE0792,4406,126,200,126,122,104,108
ENSGDEMO000793,GENE0793,2948,52,127,119,294,141,216
ENSGDEMO000794,GENE0794,5324,4,18,23,26,29,43
ENSGDEMO000795,GENE0795,4547,148,318,152,298,330,219
ENSGDEMO000796,GENE0796,7065,98,264,37,153,81,81
ENSGDEMO000797,GENE0797,7786,392,546,524,544,350,445
ENSGDEMO000798,GENE0798,2115,10,29,41,53,21,40
ENSGDEMO000799,GENE0799,4789,17,48,80,43,42,89
ENSGDEMO000800,GENE0800,1643,66,300,499,342,141,236
ENSGDEMO000801,GENE0801,958,40,66,63,104,47,81
ENSGDEMO000802,GENE0802,5888,224,239,276,243,180,237
ENSGDEMO000803,GENE0803,2261,69,52,71,112,184,170
ENSGDEMO000804,GENE0804,5258,97,182,152,210,142,189
ENSGDEMO000805,GENE0805,5763,479,342,860,875,261,500
ENSGDEMO000806,GENE0806,6592,59,91,59,164,87,104
ENSGDEMO000807,GENE0807,6623,55,38,128,92,71,197
ENSGDEMO000808,GENE0808,6238,17,7,12,17,24,16
ENSGDEMO000809,GENE0809,641,93,66,38,80,70,84
ENSGDEMO000810,GENE0810,6880,136,169,54,190,108,64
ENSGDEMO000811,GENE0811,6687,11,25,34,23,40,27
ENSGDEMO000812,GENE0812,6191,11,71,33,24,48,39
ENSGDEMO000813,GENE0813,4199,48,182,139,38,81,75
ENSGDEMO000814,GENE0814,5292,32,39,90,160,68,88
ENSGDEMO000815,GENE0815,1145,47,154,187,200,70,151
ENSGDEMO000816,GENE0816,3832,91,112,112,187,93,106
ENSGDEMO000817,GENE0817,5175,26,59,23,110,16,43
ENSGDEMO000818,GENE0818,2607,30,98,56,98,34,93
ENSGDEMO000819,GENE0819,1180,346,612,927,284,271,560
ENSGDEMO000820,GENE0820,6071,61,83,93,117,55,41
ENSGDEMO000821,GENE0821,6919,21,18,39,30,7,48
ENSGDEMO000822,GENE0822,7710,105,85,31,99,53,129
ENSGDEMO000823,GENE0823,925,82,123,20,166,100,94
ENSGDEMO000824,GENE0824,6339,129,208,168,596,199,228
ENSGDEMO000825,GENE0825,3553,65,53,137,326,177,408
ENSGDEMO000826,GENE0826,2782,47,46,27,50,33,53
ENSGDEMO000827,GENE0827,1334,119,102,64,203,105,206
ENSGDEMO000828,GENE0828,6967,27,84,68,95,76,99
ENSGDEMO000829,GENE0829,6659,312,211,366,930,414,731
ENSGDEMO000830,GENE0830,4420,120,504,390,607,316,491
ENSGDEMO000831,GENE0831,5497,113,227,78,373,235,189
ENSGDEMO000832,GENE0832,3504,103,250,35,368,167,172
ENSGDEMO000833,GENE0833,3220,73,83,88,493,141,216
ENSGDEMO000834,GENE0834,3942,266,591,362,482,734,386
ENSGDEMO000835,GENE0835,7602,23,29,11,47,19,9
ENSGDEMO000836,GENE0836,2151,23,24,15,31,34,9
ENSGDEMO000837,GENE0837,7842,54,268,144,129,133,229
ENSGDEMO000838,GENE0838,7329,4,12,7,25,5,8
ENSGDEMO000839,GENE0839,5721,110,129,105,349,117,130
ENSGDEMO000840,GENE0840,806,56,43,69,73,50,60
ENSGDEMO000841,GENE0841,2023,39,28,78,53,33,82
ENSGDEMO000842,GENE0842,2873,162,293,218,214,84,164
ENSGDEMO000843,GENE0843,2758,127,90,184,252,83,183
ENSGDEMO000844,GENE0844,981,26,34,36,98,76,44
ENSGDEMO000845,GENE0845,1512,210,344,299,499,183,78
ENSGDEMO000846,GENE0846,3949,53,44,42,40,41,119
ENSGDEMO000847,GENE0847,1409,85,361,130,94,14,164
ENSGDEMO000848,GENE0848,4886,148,161,243,84,35,163
ENSGDEMO000849,GENE0849,3171,20,52,26,65,50,45
ENSGDEMO000850,GENE0850,1890,286,207,248,439,233,362
ENSGDEMO000851,GENE0851,4431,76,189,125,126,54,112
ENSGDEMO000852,GENE0852,2265,308,410,235,580,514,182
ENSGDEMO000853,GENE0853,2114,209,107,166,324,211,155
ENSGDEMO000854,GENE0854,5070,88,187,66,255,159,284
ENSGDEMO000855,GENE0855,5751,48,82,91,76,95,88
ENSGDEMO000856,GENE0856,7093,15,35,87,26,46,99
ENSGDEMO000857,GENE0857,3780,67,51,198,98,129,120
ENSGDEMO000858,GENE0858,5421,49,28,99,34,64,123
ENSGDEMO000859,GENE0859,1190,44,94,104,79,28,173
ENSGDEMO000860,GENE0860,6402,35,44,34,45,48,80
ENSGDEMO000861,GENE0861,720,124,134,97,61,65,194
ENSGDEMO000862,GENE0862,3202,138,383,351,344,178,135
ENSGDEMO000863,GENE0863,1627,350,827,439,177,392,594
ENSGDEMO000864,GENE0864,7753,81,138,96,102,117,83
ENSGDEMO000865,GENE0865,2608,78,80,122,158,56,157
ENSGDEMO000866,GENE0866,2942,6,18,15,11,14,15
ENSGDEMO000867,GENE0867,5270,130,122,72,107,72,177
ENSGDEMO000868,GENE0868,651,32,65,90,114,35,87
ENSGDEMO000869,GENE0869,4720,74,47,48,296,26,41
ENSGDEMO000870,GENE0870,2258,147,197,356,408,156,332
ENSGDEMO000871,GENE0871,1738,88,249,174,253,74,67
ENSGDEMO000872,GENE0872,2519,69,83,92,128,173,209
ENSGDEMO000873,GENE0873,1531,215,390,372,235,105,445
ENSGDEMO000874,GENE0874,6782,30,81,102,83,46,88
ENSGDEMO000875,GENE0875,7770,17,45,27,136,43,46
ENSGDEMO000876,GENE0876,3126,173,189,262,400,604,179
ENSGDEMO000877,GENE0877,3093,471,142,389,313,487,346
ENSGDEMO000878,GENE0878,7927,196,132,216,268,87,140
ENSGDEMO000879,GENE0879,1294,19,186,119,149,108,181
ENSGDEMO000880,GENE0880,1046,25,8,23,35,43,21
ENSGDEMO000881,GENE0881,4234,23,87,77,156,33,42
ENSGDEMO000882,GENE0882,5756,131,367,131,207,88,268
ENSGDEMO000883,GENE0883,5309,25,27,27,69,36,11
ENSGDEMO000884,GENE0884,6061,183,264,344,356,588,735
ENSGDEMO000885,GENE0885,4209,11,13,21,64,30,82
ENSGDEMO000886,GENE0886,4880,175,69,90,194,105,124
ENSGDEMO000887,GENE0887,4077,131,269,163,74,211,112
ENSGDEMO000888,GENE0888,2685,187,166,90,323,301,235
ENSGDEMO000889,GENE0889,4879,20,21,46,33,14,56
ENSGDEMO000890,GENE0890,2568,147,361,160,161,43,162
ENSGDEMO000891,GENE0891,3212,8,7,7,17,9,23
ENSGDEMO000892,GENE0892,2651,175,124,109,222,141,128
ENSGDEMO000893,GENE0893,3948,142,75,84,163,78,319
ENSGDEMO000894,GENE0894,7221,139,350,188,180,108,98
ENSGDEMO000895,GENE0895,2018,257,444,302,518,98,260
ENSGDEMO000896,GENE0896,6780,80,160,252,225,155,157
ENSGDEMO000897,GENE0897,7972,307,531,156,630,148,271
ENSGDEMO000898,GENE0898,2755,39,47,40,78,57,49
ENSGDEMO000899,GENE0899,3380,61,183,80,456,168,166
ENSGDEMO000900,GENE0900,7566,504,665,323,766,463,253
ENSGDEMO000901,GENE0901,5881,204,251,337,279,340,412
ENSGDEMO000902,GENE0902,6303,99,51,124,124,55,76
ENSGDEMO000903,GENE0903,6099,41,75,41,129,68,84
ENSGDEMO000904,GENE0904,2773,209,259,126,223,106,268
ENSGDEMO000905,GENE0905,1164,132,127,83,213,100,169
ENSGDEMO000906,GENE0906,4327,160,156,75,115,65,322
ENSGDEMO000907,GENE0907,1281,1,7,8,6,10,6
ENSGDEMO000908,GENE0908,2818,9,7,8,9,0,9
ENSGDEMO000909,GENE0909,6018,577,233,342,715,317,327
ENSGDEMO000910,GENE0910,3120,62,283,151,158,65,202
ENSGDEMO000911,GENE0911,7348,337,321,259,318,225,319
ENSGDEMO000912,GENE0912,2526,146,177,72,238,241,85
ENSGDEMO000913,GENE0913,2714,9,7,2,8,10,11
ENSGDEMO000914,GENE0914,3210,98,81,158,149,136,148
ENSGDEMO000915,GENE0915,3050,108,179,80,104,173,195
ENSGDEMO000916,GENE0916,1313,20,57,56,17,32,47
ENSGDEMO000917,GENE0917,790,100,245,86,153,52,220
ENSGDEMO000918,GENE0918,4118,29,35,24,33,14,61
ENSGDEMO000919,GENE0919,5960,51,95,90,121,66,64
ENSGDEMO000920,GENE0920,5148,22,42,21,8,16,23
ENSGDEMO000921,GENE0921,6059,2,3,3,3,7,6
ENSGDEMO000922,GENE0922,7002,7,8,3,5,11,5
ENSGDEMO000923,GENE0923,3818,46,84,105,168,134,154
ENSGDEMO000924,GENE0924,6550,405,443,482,414,482,606
ENSGDEMO000925,GENE0925,2466,120,273,156,342,98,225
ENSGDEMO000926,GENE0926,1962,27,195,78,162,36,32
ENSGDEMO000927,GENE0927,2952,30,37,12,30,34,62
ENSGDEMO000928,GENE0928,3515,433,521,355,239,239,426
ENSGDEMO000929,GENE0929,2467,727,1370,226,664,526,798
ENSGDEMO000930,GENE0930,5540,56,508,197,204,143,203
ENSGDEMO000931,GENE0931,4204,111,191,132,85,100,234
ENSGDEMO000932,GENE0932,1848,61,76,52,66,113,46
ENSGDEMO000933,GENE0933,3707,11,129,58,241,57,211
ENSGDEMO000934,GENE0934,5647,119,117,131,330,215,332
ENSGDEMO000935,GENE0935,1093,9,8,8,4,5,17
ENSGDEMO000936,GENE0936,2470,17,47,32,72,68,122
ENSGDEMO000937,GENE0937,7859,3,2,4,5,1,0
ENSGDEMO000938,GENE0938,1028,81,25,136,113,111,250
ENSGDEMO000939,GENE0939,6407,254,235,173,561,65,263
ENSGDEMO000940,GENE0940,2524,41,65,104,111,61,200
ENSGDEMO000941,GENE0941,2798,36,5,38,54,40,40
ENSGDEMO000942,GENE0942,5913,55,93,98,116,105,166
ENSGDEMO000943,GENE0943,4866,28,50,6,29,30,30
ENSGDEMO000944,GENE0944,4302,53,182,94,94,51,100
ENSGDEMO000945,GENE0945,930,60,116,119,197,18,84
ENSGDEMO000946,GENE0946,3461,78,160,205,96,177,173
ENSGDEMO000947,GENE0947,7187,137,87,47,106,109,186
ENSGDEMO000948,GENE0948,2060,29,112,50,54,39,84
ENSGDEMO000949,GENE0949,1066,56,112,81,242,72,273
ENSGDEMO000950,GENE0950,1585,51,95,68,89,30,84
ENSGDEMO000951,GENE0951,5154,158,235,140,316,123,167
ENSGDEMO000952,GENE0952,5898,113,198,154,187,155,134
ENSGDEMO000953,GENE0953,3151,245,393,218,164,62,367
ENSGDEMO000954,GENE0954,7409,60,83,47,124,61,173
ENSGDEMO000955,GENE0955,3330,118,101,78,73,46,119
ENSGDEMO000956,GENE0956,5818,22,80,33,78,41,91
ENSGDEMO000957,GENE0957,1812,50,127,189,106,25,43
ENSGDEMO000958,GENE0958,7518,71,216,233,215,63,106
ENSGDEMO000959,GENE0959,2883,37,102,41,97,28,115
ENSGDEMO000960,GENE0960,2253,131,181,160,427,482,613
ENSGDEMO000961,GENE0961,7719,57,109,77,110,131,45
ENSGDEMO000962,GENE0962,6455,54,56,54,72,36,43
ENSGDEMO000963,GENE0963,1290,225,233,276,393,240,219
ENSGDEMO000964,GENE0964,2257,47,76,79,52,32,108
ENSGDEMO000965,GENE0965,3952,68,220,191,106,41,137
ENSGDEMO000966,GENE0966,5504,526,337,1108,554,359,734
ENSGDEMO000967,GENE0967,2351,63,75,117,146,151,188
ENSGDEMO000968,GENE0968,4352,432,523,490,594,328,552
ENSGDEMO000969,GENE0969,4768,302,194,151,311,204,521
ENSGDEMO000970,GENE0970,1931,63,124,140,226,172,162
ENSGDEMO000971,GENE0971,3783,496,406,206,903,584,467
ENSGDEMO000972,GENE0972,5573,188,200,331,512,205,464
ENSGDEMO000973,GENE0973,6182,187,171,151,195,189,62
ENSGDEMO000974,GENE0974,6352,35,48,27,39,15,22
ENSGDEMO000975,GENE0975,6991,80,60,70,120,40,102
ENSGDEMO000976,GENE0976,2111,24,43,17,80,15,40
ENSGDEMO000977,GENE0977,688,150,99,76,34,112,71
ENSGDEMO000978,GENE0978,1788,64,71,92,110,111,219
ENSGDEMO000979,GENE0979,2178,78,116,172,198,56,59
ENSGDEMO000980,GENE0980,4628,49,93,60,89,182,68
ENSGDEMO000981,GENE0981,5470,138,138,58,191,79,114
ENSGDEMO000982,GENE0982,4519,90,91,89,111,98,61
ENSGDEMO000983,GENE0983,2537,52,28,36,170,71,125
ENSGDEMO000984,GENE0984,4083,61,23,69,136,42,91
ENSGDEMO000985,GENE0985,2082,36,207,90,330,84,76
ENSGDEMO000986,GENE0986,4193,20,20,25,21,2,25
ENSGDEMO000987,GENE0987,4892,53,103,86,95,56,71
ENSGDEMO000988,GENE0988,7162,35,28,35,84,50,73
ENSGDEMO000989,GENE0989,4592,183,240,187,167,78,275
ENSGDEMO000990,GENE0990,6067,5,4,12,14,11,13
ENSGDEMO000991,GENE0991,1955,63,87,64,134,45,132
ENSGDEMO000992,GENE0992,3498,73,107,154,226,102,61
ENSGDEMO000993,GENE0993,6831,34,180,53,157,46,32
ENSGDEMO000994,GENE0994,1023,145,543,407,284,271,561
ENSGDEMO000995,GENE0995,2017,788,646,898,692,411,732
ENSGDEMO000996,GENE0996,2493,37,105,32,36,28,39
ENSGDEMO000997,GENE0997,7666,51,33,22,105,42,70
ENSGDEMO000998,GENE0998,2775,47,89,44,97,61,112
ENSGDEMO000999,GENE0999,7355,48,56,51,92,36,56
ENSGDEMO001000,GENE1000,3176,54,90,94,86,16,59
ENSGDEMO001001,GENE1001,6338,194,265,178,280,213,294
ENSGDEMO001002,GENE1002,5030,61,62,75,131,72,31
ENSGDEMO001003,GENE1003,3404,560,803,300,469,263,498
ENSGDEMO001004,GENE1004,2130,117,29,49,130,68,145
ENSGDEMO001005,GENE1005,5238,82,238,214,330,221,460
ENSGDEMO001006,GENE1006,4247,29,37,40,145,35,52
ENSGDEMO001007,GENE1007,2362,11,36,21,36,20,28
ENSGDEMO001008,GENE1008,1989,4,9,9,7,8,11
ENSGDEMO001009,GENE1009,2275,98,33,98,49,145,25
ENSGDEMO001010,GENE1010,4323,20,40,70,40,32,36
ENSGDEMO001011,GENE1011,3639,7,9,13,22,27,47
ENSGDEMO001012,GENE1012,6143,200,68,97,335,86,131
ENSGDEMO001013,GENE1013,3750,92,95,114,81,147,125
ENSGDEMO001014,GENE1014,5784,11,12,19,8,16,9
ENSGDEMO001015,GENE1015,3603,59,164,56,147,116,184
ENSGDEMO001016,GENE1016,5029,153,185,147,570,189,153
ENSGDEMO001017,GENE1017,6426,40,27,48,87,19,36
ENSGDEMO001018,GENE1018,4540,2,17,9,22,14,32
ENSGDEMO001019,GENE1019,6022,171,365,251,517,120,382
ENSGDEMO001020,GENE1020,2097,59,135,74,138,143,73
ENSGDEMO001021,GENE1021,5054,7,7,18,26,5,13
ENSGDEMO001022,GENE1022,1640,25,60,20,113,116,36
ENSGDEMO001023,GENE1023,3242,91,79,72,54,75,45
ENSGDEMO001024,GENE1024,864,112,122,52,191,80,102
ENSGDEMO001025,GENE1025,5170,70,247,156,332,112,259
ENSGDEMO001026,GENE1026,5925,29,60,22,74,33,48
ENSGDEMO001027,GENE1027,2041,298,199,350,531,239,452
ENSGDEMO001028,GENE1028,7980,110,187,200,224,257,189
ENSGDEMO001029,GENE1029,7101,194,341,97,227,308,350
ENSGDEMO001030,GENE1030,7160,14,8,13,5,1,14
ENSGDEMO001031,GENE1031,2389,177,246,356,273,424,75
ENSGDEMO001032,GENE1032,7473,75,89,75,162,21,58
ENSGDEMO001033,GENE1033,2880,133,220,170,593,315,307
ENSGDEMO001034,GENE1034,697,78,173,310,201,90,153
ENSGDEMO001035,GENE1035,764,197,269,217,115,138,59
ENSGDEMO001036,GENE1036,2155,4,4,3,13,4,3
ENSGDEMO001037,GENE1037,4706,78,222,184,204,126,244
ENSGDEMO001038,GENE1038,5670,206,477,562,582,320,619
ENSGDEMO001039,GENE1039,7673,42,34,50,88,13,41
ENSGDEMO001040,GENE1040,6354,334,394,135,547,325,218
ENSGDEMO001041,GENE1041,5615,41,37,42,60,34,66
ENSGDEMO001042,GENE1042,7453,97,202,205,199,126,202
ENSGDEMO001043,GENE1043,5061,96,139,148,134,119,146
ENSGDEMO001044,GENE1044,3429,268,429,135,439,176,250
ENSGDEMO001045,GENE1045,7162,15,41,100,105,95,30
ENSGDEMO001046,GENE1046,7944,209,204,101,250,181,119
ENSGDEMO001047,GENE1047,6575,26,18,12,47,19,25
ENSGDEMO001048,GENE1048,1729,93,367,170,374,106,205
ENSGDEMO001049,GENE1049,4384,82,44,67,23,42,55
ENSGDEMO001050,GENE1050,7419,82,169,136,199,124,117
ENSGDEMO001051,GENE1051,877,306,159,110,299,224,380
ENSGDEMO001052,GENE1052,2401,292,148,231,346,230,321
ENSGDEMO001053,GENE1053,1914,75,178,93,348,225,156
ENSGDEMO001054,GENE1054,1786,43,78,22,153,42,105
ENSGDEMO001055,GENE1055,2584,28,63,160,77,133,82
ENSGDEMO001056,GENE1056,682,194,151,139,389,141,232
ENSGDEMO001057,GENE1057,6892,46,127,273,130,162,191
ENSGDEMO001058,GENE1058,4668,484,306,161,976,249,555
ENSGDEMO001059,GENE1059,1337,223,380,122,224,27,134
ENSGDEMO001060,GENE1060,2289,75,26,104,103,74,141
ENSGDEMO001061,GENE1061,1893,59,45,109,120,56,54
ENSGDEMO001062,GENE1062,7991,57,116,110,118,67,123
ENSGDEMO001063,GENE1063,3290,98,308,107,229,84,239
ENSGDEMO001064,GENE1064,2084,17,23,23,52,7,30
ENSGDEMO001065,GENE1065,4740,26,64,235,169,74,84
ENSGDEMO001066,GENE1066,6783,58,71,43,213,98,201
ENSGDEMO001067,GENE1067,7020,380,715,627,1328,562,507
ENSGDEMO001068,GENE1068,6907,42,142,131,86,71,88
ENSGDEMO001069,GENE1069,2723,51,48,69,34,37,52
ENSGDEMO001070,GENE1070,3652,44,232,128,202,140,125
ENSGDEMO001071,GENE1071,6252,10,15,28,26,27,15
ENSGDEMO001072,GENE1072,2388,12,81,46,54,40,19
ENSGDEMO001073,GENE1073,5458,274,352,259,457,226,513
ENSGDEMO001074,GENE1074,6682,62,111,53,62,87,148
ENSGDEMO001075,GENE1075,2036,5,73,73,68,23,33
ENSGDEMO001076,GENE1076,628,16,26,11,23,15,17
ENSGDEMO001077,GENE1077,5826,75,69,42,136,159,94
ENSGDEMO001078,GENE1078,772,174,228,172,470,252,425
ENSGDEMO001079,GENE1079,1929,33,34,129,45,36,166
ENSGDEMO001080,GENE1080,7445,96,72,100,101,139,160
ENSGDEMO001081,GENE1081,7643,73,98,33,63,68,67
ENSGDEMO001082,GENE1082,3016,78,171,177,89,11,130
ENSGDEMO001083,GENE1083,2960,125,183,55,554,162,162
ENSGDEMO001084,GENE1084,7953,66,39,63,91,36,95
ENSGDEMO001085,GENE1085,4776,524,401,571,643,147,278
ENSGDEMO001086,GENE1086,3088,134,252,326,146,198,355
ENSGDEMO001087,GENE1087,2018,146,405,178,303,118,130
ENSGDEMO001088,GENE1088,5305,54,112,85,110,136,32
ENSGDEMO001089,GENE1089,5773,34,9,28,31,21,36
ENSGDEMO001090,GENE1090,7111,56,69,28,38,70,35
ENSGDEMO001091,GENE1091,1809,25,44,20,45,42,33
ENSGDEMO001092,GENE1092,7816,9,15,17,12,20,14
ENSGDEMO001093,GENE1093,4175,124,160,280,167,87,236
ENSGDEMO001094,GENE1094,5689,34,141,150,227,93,103
ENSGDEMO001095,GENE1095,5906,62,95,160,226,165,223
ENSGDEMO001096,GENE1096,6024,63,155,77,111,48,147
ENSGDEMO001097,GENE1097,1005,4,33,33,55,14,8
ENSGDEMO001098,GENE1098,7534,50,78,142,142,198,211
ENSGDEMO001099,GENE1099,2643,27,44,64,77,54,62
ENSGDEMO001100,GENE1100,5919,78,94,130,87,97,164
ENSGDEMO001101,GENE1101,2032,172,473,284,287,563,683
ENSGDEMO001102,GENE1102,6508,17,98,46,78,63,73
ENSGDEMO001103,GENE1103,3902,24,54,32,100,27,93
ENSGDEMO001104,GENE1104,5989,183,190,134,282,99,331
ENSGDEMO001105,GENE1105,2383,65,59,94,254,187,326
ENSGDEMO001106,GENE1106,5760,75,80,97,99,31,150
ENSGDEMO001107,GENE1107,4474,95,107,116,163,99,77
ENSGDEMO001108,GENE1108,1869,153,166,136,1022,165,302
ENSGDEMO001109,GENE1109,2965,206,378,173,154,180,144
ENSGDEMO001110,GENE1110,3621,34,135,178,164,79,277
ENSGDEMO001111,GENE1111,5573,375,949,396,756,345,901
ENSGDEMO001112,GENE1112,2785,126,511,356,306,606,667
ENSGDEMO001113,GENE1113,5693,124,71,66,137,107,226
ENSGDEMO001114,GENE1114,5214,164,161,369,257,276,149
ENSGDEMO001115,GENE1115,1253,38,70,135,127,113,103
ENSGDEMO001116,GENE1116,6580,124,108,120,176,89,105
ENSGDEMO001117,GENE1117,1971,190,182,323,340,114,191
ENSGDEMO001118,GENE1118,2341,71,44,30,88,139,70
ENSGDEMO001119,GENE1119,5630,158,211,145,246,258,223
ENSGDEMO001120,GENE1120,2386,15,11,24,61,31,23
ENSGDEMO001121,GENE1121,2654,87,91,42,127,58,96
ENSGDEMO001122,GENE1122,5876,242,686,469,473,413,686
ENSGDEMO001123,GENE1123,5156,292,52,190,190,353,341
ENSGDEMO001124,GENE1124,4310,174,40,99,272,51,77
ENSGDEMO001125,GENE1125,6748,287,140,132,426,143,101
ENSGDEMO001126,GENE1126,1568,66,136,125,50,71,97
ENSGDEMO001127,GENE1127,3590,300,218,303,197,139,326
ENSGDEMO001128,GENE1128,4947,46,65,29,87,29,44
ENSGDEMO001129,GENE1129,7547,401,354,342,510,177,245
ENSGDEMO001130,GENE1130,3344,3,9,4,11,4,6
ENSGDEMO001131,GENE1131,1889,100,131,106,129,78,103
ENSGDEMO001132,GENE1132,4767,267,161,341,377,381,276
ENSGDEMO001133,GENE1133,5552,149,217,100,225,141,215
ENSGDEMO001134,GENE1134,736,12,6,17,19,8,17
ENSGDEMO001135,GENE1135,3783,5,36,14,38,18,19
ENSGDEMO001136,GENE1136,3056,104,243,395,359,387,214
ENSGDEMO001137,GENE1137,3656,212,391,488,310,234,268
ENSGDEMO001138,GENE1138,715,257,487,367,298,113,330
ENSGDEMO001139,GENE1139,7852,54,73,63,55,70,63
ENSGDEMO001140,GENE1140,1411,212,232,162,308,170,359
ENSGDEMO001141,GENE1141,7611,61,54,37,46,39,58
ENSGDEMO001142,GENE1142,1142,57,105,62,111,64,84
ENSGDEMO001143,GENE1143,5122,563,1361,755,972,763,413
ENSGDEMO001144,GENE1144,4766,66,99,68,133,40,64
ENSGDEMO001145,GENE1145,797,99,129,173,282,106,227
ENSGDEMO001146,GENE1146,2486,68,122,142,163,155,82
ENSGDEMO001147,GENE1147,5131,17,50,31,78,37,42
ENSGDEMO001148,GENE1148,2994,94,156,88,195,70,162
ENSGDEMO001149,GENE1149,7535,146,147,219,295,124,303
ENSGDEMO001150,GENE1150,935,168,204,199,244,122,101
ENSGDEMO001151,GENE1151,2404,74,29,78,96,49,137
ENSGDEMO001152,GENE1152,5710,108,75,127,56,46,157
ENSGDEMO001153,GENE1153,3567,82,104,96,110,93,265
ENSGDEMO001154,GENE1154,6510,322,322,653,1275,369,774
ENSGDEMO001155,GENE1155,5803,221,141,423,322,130,280
ENSGDEMO001156,GENE1156,5150,23,24,46,49,34,90
ENSGDEMO001157,GENE1157,1012,226,131,268,802,305,439
ENSGDEMO001158,GENE1158,1460,53,83,74,58,23,77
ENSGDEMO001159,GENE1159,1467,59,50,47,196,133,221
ENSGDEMO001160,GENE1160,1956,267,425,286,551,256,422
ENSGDEMO001161,GENE1161,4834,22,27,11,54,19,53
ENSGDEMO001162,GENE1162,4631,20,35,9,45,5,35
ENSGDEMO001163,GENE1163,6584,179,90,80,57,58,172
ENSGDEMO001164,GENE1164,6620,174,165,290,362,192,210
ENSGDEMO001165,GENE1165,1286,281,298,175,337,77,347
ENSGDEMO001166,GENE1166,7823,29,79,46,95,68,96
ENSGDEMO001167,GENE1167,7464,150,292,108,272,182,263
ENSGDEMO001168,GENE1168,1489,197,319,207,538,192,350
ENSGDEMO001169,GENE1169,7357,100,80,59,193,63,58
ENSGDEMO001170,GENE1170,5251,37,253,114,754,113,185
ENSGDEMO001171,GENE1171,7064,38,59,44,93,44,97
ENSGDEMO001172,GENE1172,4294,74,92,66,83,63,186
ENSGDEMO001173,GENE1173,6055,76,253,73,187,199,128
ENSGDEMO001174,GENE1174,1715,8,12,10,15,10,12
ENSGDEMO001175,GENE1175,5869,6,18,26,32,9,27
ENSGDEMO001176,GENE1176,6447,70,151,100,157,67,82
ENSGDEMO001177,GENE1177,1681,122,203,145,323,268,163
ENSGDEMO001178,GENE1178,2700,126,291,142,348,111,309
ENSGDEMO001179,GENE1179,1907,104,161,68,116,148,135
ENSGDEMO001180,GENE1180,6151,15,19,30,31,38,28
ENSGDEMO001181,GENE1181,6239,49,150,34,125,110,81
ENSGDEMO001182,GENE1182,4140,116,120,84,59,43,165
ENSGDEMO001183,GENE1183,2180,329,795,133,248,106,170
ENSGDEMO001184,GENE1184,4120,35,50,42,63,40,51
ENSGDEMO001185,GENE1185,783,178,206,232,293,157,171
ENSGDEMO001186,GENE1186,7474,37,302,82,203,170,72
ENSGDEMO001187,GENE1187,6475,142,74,78,104,123,116
ENSGDEMO001188,GENE1188,6310,20,16,22,18,13,21
ENSGDEMO001189,GENE1189,2709,272,299,232,406,173,171
ENSGDEMO001190,GENE1190,3702,129,376,264,155,119,182
ENSGDEMO001191,GENE1191,7051,113,78,159,216,55,414
ENSGDEMO001192,GENE1192,5170,466,279,551,512,200,351
ENSGDEMO001193,GENE1193,4521,146,234,216,213,132,175
ENSGDEMO001194,GENE1194,2551,217,93,112,129,153,194
ENSGDEMO001195,GENE1195,2966,28,138,149,110,109,46
ENSGDEMO001196,GENE1196,6854,3,12,9,9,5,15
ENSGDEMO001197,GENE1197,1260,158,322,205,392,81,117
ENSGDEMO001198,GENE1198,4769,45,49,87,75,136,101
ENSGDEMO001199,GENE1199,7586,20,92,87,239,60,143
ENSGDEMO001200,GENE1200,6780,340,228,208,597,164,348
